1,33,25,,,,,,,,,,,,,,,,,,,,,,,,,,,,,,
-100,100,-100,100,-100,100,-100,100,-100,100,-100,100,-100,100,-100,100,-100,100,-100,100,-100,100,-100,100,-100,100,-100,100,-100,100,-100,100,-100
100,-100,100,-100,100,-100,100,-100,100,-100,100,-100,100,-100,100,-100,100,-100,100,-100,100,-100,100,-100,100,-100,100,-100,100,-100,100,-100,100
-100,100,-100,100,-100,100,-100,100,-100,100,-100,100,-100,100,-100,100,-100,100,-100,100,-100,100,-100,100,-100,100,-100,100,-100,100,-100,100,-100
100,-100,100,-100,100,-100,100,-100,100,-100,100,-100,100,-100,100,-100,100,-100,100,-100,100,-100,100,-100,100,-100,100,-100,100,-100,100,-100,100
-100,100,-100,100,-100,100,-100,100,-100,100,-100,100,-100,100,-100,100,-100,100,-100,100,-100,100,-100,100,-100,100,-100,100,-100,100,-100,100,-100
100,-100,100,-100,100,-100,100,-100,100,-100,100,-100,100,-100,100,-100,100,-100,100,-100,100,-100,100,-100,100,-100,100,-100,100,-100,100,-100,100
-100,100,-100,100,-100,100,-100,100,-100,100,-100,100,-100,100,-100,100,-100,100,-100,100,-100,100,-100,100,-100,100,-100,100,-100,100,-100,100,-100
100,-100,100,-100,100,-100,100,-100,100,-100,100,-100,100,-100,100,-100,100,-100,100,-100,100,-100,100,-100,100,-100,100,-100,100,-100,100,-100,100
-100,100,-100,100,-100,100,-100,100,-100,100,-100,100,-100,100,-100,100,-100,100,-100,100,-100,100,-100,100,-100,100,-100,100,-100,100,-100,100,-100
100,-100,100,-100,100,-100,100,-100,100,-100,100,-100,100,-100,100,-100,100,-100,100,-100,100,-100,100,-100,100,-100,100,-100,100,-100,100,-100,100
-100,100,-100,100,-100,100,-100,100,-100,100,-100,100,-100,100,-100,100,-100,100,-100,100,-100,100,-100,100,-100,100,-100,100,-100,100,-100,100,-100
100,-100,100,-100,100,-100,100,-100,100,-100,100,-100,100,-100,100,-100,100,-100,100,-100,100,-100,100,-100,100,-100,100,-100,100,-100,100,-100,100
-100,100,-100,100,-100,100,-100,100,-100,100,-100,100,-100,100,-100,100,-100,100,-100,100,-100,100,-100,100,-100,100,-100,100,-100,100,-100,100,-100
100,-100,100,-100,100,-100,100,-100,100,-100,100,-100,100,-100,100,-100,100,-100,100,-100,100,-100,100,-100,100,-100,100,-100,100,-100,100,-100,100
-100,100,-100,100,-100,100,-100,100,-100,100,-100,100,-100,100,-100,100,-100,100,-100,100,-100,100,-100,100,-100,100,-100,100,-100,100,-100,100,-100
100,-100,100,-100,100,-100,100,-100,100,-100,100,-100,100,-100,100,-100,100,-100,100,-100,100,-100,100,-100,100,-100,100,-100,100,-100,100,-100,100
-100,100,-100,100,-100,100,-100,100,-100,100,-100,100,-100,100,-100,100,-100,100,-100,100,-100,100,-100,100,-100,100,-100,100,-100,100,-100,100,-100
100,-100,100,-100,100,-100,100,-100,100,-100,100,-100,100,-100,100,-100,100,-100,100,-100,100,-100,100,-100,100,-100,100,-100,100,-100,100,-100,100
-100,100,-100,100,-100,100,-100,100,-100,100,-100,100,-100,100,-100,100,-100,100,-100,100,-100,100,-100,100,-100,100,-100,100,-100,100,-100,100,-100
100,-100,100,-100,100,-100,100,-100,100,-100,100,-100,100,-100,100,-100,100,-100,100,-100,100,-100,100,-100,100,-100,100,-100,100,-100,100,-100,100
-100,100,-100,100,-100,100,-100,100,-100,100,-100,100,-100,100,-100,100,-100,100,-100,100,-100,100,-100,100,-100,100,-100,100,-100,100,-100,100,-100
100,-100,100,-100,100,-100,100,-100,100,-100,100,-100,100,-100,100,-100,100,-100,100,-100,100,-100,100,-100,100,-100,100,-100,100,-100,100,-100,100
-100,100,-100,100,-100,100,-100,100,-100,100,-100,100,-100,100,-100,100,-100,100,-100,100,-100,100,-100,100,-100,100,-100,100,-100,100,-100,100,-100
100,-100,100,-100,100,-100,100,-100,100,-100,100,-100,100,-100,100,-100,100,-100,100,-100,100,-100,100,-100,100,-100,100,-100,100,-100,100,-100,100
-100,100,-100,100,-100,100,-100,100,-100,100,-100,100,-100,100,-100,100,-100,100,-100,100,-100,100,-100,100,-100,100,-100,100,-100,100,-100,100,-100
-100,100,-100,100,-100,100,-100,100,-100,100,-100,100,-100,100,-100,100,-100,100,-100,100,-100,100,-100,100,-100,100,-100,100,-100,100,-100,100,-100
100,-100,100,-100,100,-100,100,-100,100,-100,100,-100,100,-100,100,-100,100,-100,100,-100,100,-100,100,-100,100,-100,100,-100,100,-100,100,-100,100
-100,100,-100,100,-100,100,-100,100,-100,100,-100,100,-100,100,-100,100,-100,100,-100,100,-100,100,-100,100,-100,100,-100,100,-100,100,-100,100,-100
100,-100,100,-100,100,-100,100,-100,100,-100,100,-100,100,-100,100,-100,100,-100,100,-100,100,-100,100,-100,100,-100,100,-100,100,-100,100,-100,100
-100,100,-100,100,-100,100,-100,100,-100,100,-100,100,-100,100,-100,100,-100,100,-100,100,-100,100,-100,100,-100,100,-100,100,-100,100,-100,100,-100
100,-100,100,-100,100,-100,100,-100,100,-100,100,-100,100,-100,100,-100,100,-100,100,-100,100,-100,100,-100,100,-100,100,-100,100,-100,100,-100,100
-100,100,-100,100,-100,100,-100,100,-100,100,-100,100,-100,100,-100,100,-100,100,-100,100,-100,100,-100,100,-100,100,-100,100,-100,100,-100,100,-100
100,-100,100,-100,100,-100,100,-100,100,-100,100,-100,100,-100,100,-100,100,-100,100,-100,100,-100,100,-100,100,-100,100,-100,100,-100,100,-100,100
-100,100,-100,100,-100,100,-100,100,-100,100,-100,100,-100,100,-100,100,-100,100,-100,100,-100,100,-100,100,-100,100,-100,100,-100,100,-100,100,-100
100,-100,100,-100,100,-100,100,-100,100,-100,100,-100,100,-100,100,-100,100,-100,100,-100,100,-100,100,-100,100,-100,100,-100,100,-100,100,-100,100
-100,100,-100,100,-100,100,-100,100,-100,100,-100,100,-100,100,-100,100,-100,100,-100,100,-100,100,-100,100,-100,100,-100,100,-100,100,-100,100,-100
100,-100,100,-100,100,-100,100,-100,100,-100,100,-100,100,-100,100,-100,100,-100,100,-100,100,-100,100,-100,100,-100,100,-100,100,-100,100,-100,100
-100,100,-100,100,-100,100,-100,100,-100,100,-100,100,-100,100,-100,100,-100,100,-100,100,-100,100,-100,100,-100,100,-100,100,-100,100,-100,100,-100
100,-100,100,-100,100,-100,100,-100,100,-100,100,-100,100,-100,100,-100,100,-100,100,-100,100,-100,100,-100,100,-100,100,-100,100,-100,100,-100,100
-100,100,-100,100,-100,100,-100,100,-100,100,-100,100,-100,100,-100,100,-100,100,-100,100,-100,100,-100,100,-100,100,-100,100,-100,100,-100,100,-100
100,-100,100,-100,100,-100,100,-100,100,-100,100,-100,100,-100,100,-100,100,-100,100,-100,100,-100,100,-100,100,-100,100,-100,100,-100,100,-100,100
-100,100,-100,100,-100,100,-100,100,-100,100,-100,100,-100,100,-100,100,-100,100,-100,100,-100,100,-100,100,-100,100,-100,100,-100,100,-100,100,-100
100,-100,100,-100,100,-100,100,-100,100,-100,100,-100,100,-100,100,-100,100,-100,100,-100,100,-100,100,-100,100,-100,100,-100,100,-100,100,-100,100
-100,100,-100,100,-100,100,-100,100,-100,100,-100,100,-100,100,-100,100,-100,100,-100,100,-100,100,-100,100,-100,100,-100,100,-100,100,-100,100,-100
100,-100,100,-100,100,-100,100,-100,100,-100,100,-100,100,-100,100,-100,100,-100,100,-100,100,-100,100,-100,100,-100,100,-100,100,-100,100,-100,100
-100,100,-100,100,-100,100,-100,100,-100,100,-100,100,-100,100,-100,100,-100,100,-100,100,-100,100,-100,100,-100,100,-100,100,-100,100,-100,100,-100
100,-100,100,-100,100,-100,100,-100,100,-100,100,-100,100,-100,100,-100,100,-100,100,-100,100,-100,100,-100,100,-100,100,-100,100,-100,100,-100,100
-100,100,-100,100,-100,100,-100,100,-100,100,-100,100,-100,100,-100,100,-100,100,-100,100,-100,100,-100,100,-100,100,-100,100,-100,100,-100,100,-100
100,-100,100,-100,100,-100,100,-100,100,-100,100,-100,100,-100,100,-100,100,-100,100,-100,100,-100,100,-100,100,-100,100,-100,100,-100,100,-100,100
-100,100,-100,100,-100,100,-100,100,-100,100,-100,100,-100,100,-100,100,-100,100,-100,100,-100,100,-100,100,-100,100,-100,100,-100,100,-100,100,-100
-100,100,-100,100,-100,100,-100,100,-100,100,-100,100,-100,100,-100,100,-100,100,-100,100,-100,100,-100,100,-100,100,-100,100,-100,100,-100,100,-100
100,-100,100,-100,100,-100,100,-100,100,-100,100,-100,100,-100,100,-100,100,-100,100,-100,100,-100,100,-100,100,-100,100,-100,100,-100,100,-100,100
-100,100,-100,100,-100,100,-100,100,-100,100,-100,100,-100,100,-100,100,-100,100,-100,100,-100,100,-100,100,-100,100,-100,100,-100,100,-100,100,-100
100,-100,100,-100,100,-100,100,-100,100,-100,100,-100,100,-100,100,-100,100,-100,100,-100,100,-100,100,-100,100,-100,100,-100,100,-100,100,-100,100
-100,100,-100,100,-100,100,-100,100,-100,100,-100,100,-100,100,-100,100,-100,100,-100,100,-100,100,-100,100,-100,100,-100,100,-100,100,-100,100,-100
100,-100,100,-100,100,-100,100,-100,100,-100,100,-100,100,-100,100,-100,100,-100,100,-100,100,-100,100,-100,100,-100,100,-100,100,-100,100,-100,100
-100,100,-100,100,-100,100,-100,100,-100,100,-100,100,-100,100,-100,100,-100,100,-100,100,-100,100,-100,100,-100,100,-100,100,-100,100,-100,100,-100
100,-100,100,-100,100,-100,100,-100,100,-100,100,-100,100,-100,100,-100,100,-100,100,-100,100,-100,100,-100,100,-100,100,-100,100,-100,100,-100,100
-100,100,-100,100,-100,100,-100,100,-100,100,-100,100,-100,100,-100,100,-100,100,-100,100,-100,100,-100,100,-100,100,-100,100,-100,100,-100,100,-100
100,-100,100,-100,100,-100,100,-100,100,-100,100,-100,100,-100,100,-100,100,-100,100,-100,100,-100,100,-100,100,-100,100,-100,100,-100,100,-100,100
-100,100,-100,100,-100,100,-100,100,-100,100,-100,100,-100,100,-100,100,-100,100,-100,100,-100,100,-100,100,-100,100,-100,100,-100,100,-100,100,-100
100,-100,100,-100,100,-100,100,-100,100,-100,100,-100,100,-100,100,-100,100,-100,100,-100,100,-100,100,-100,100,-100,100,-100,100,-100,100,-100,100
-100,100,-100,100,-100,100,-100,100,-100,100,-100,100,-100,100,-100,100,-100,100,-100,100,-100,100,-100,100,-100,100,-100,100,-100,100,-100,100,-100
100,-100,100,-100,100,-100,100,-100,100,-100,100,-100,100,-100,100,-100,100,-100,100,-100,100,-100,100,-100,100,-100,100,-100,100,-100,100,-100,100
-100,100,-100,100,-100,100,-100,100,-100,100,-100,100,-100,100,-100,100,-100,100,-100,100,-100,100,-100,100,-100,100,-100,100,-100,100,-100,100,-100
100,-100,100,-100,100,-100,100,-100,100,-100,100,-100,100,-100,100,-100,100,-100,100,-100,100,-100,100,-100,100,-100,100,-100,100,-100,100,-100,100
-100,100,-100,100,-100,100,-100,100,-100,100,-100,100,-100,100,-100,100,-100,100,-100,100,-100,100,-100,100,-100,100,-100,100,-100,100,-100,100,-100
100,-100,100,-100,100,-100,100,-100,100,-100,100,-100,100,-100,100,-100,100,-100,100,-100,100,-100,100,-100,100,-100,100,-100,100,-100,100,-100,100
-100,100,-100,100,-100,100,-100,100,-100,100,-100,100,-100,100,-100,100,-100,100,-100,100,-100,100,-100,100,-100,100,-100,100,-100,100,-100,100,-100
100,-100,100,-100,100,-100,100,-100,100,-100,100,-100,100,-100,100,-100,100,-100,100,-100,100,-100,100,-100,100,-100,100,-100,100,-100,100,-100,100
-100,100,-100,100,-100,100,-100,100,-100,100,-100,100,-100,100,-100,100,-100,100,-100,100,-100,100,-100,100,-100,100,-100,100,-100,100,-100,100,-100
100,-100,100,-100,100,-100,100,-100,100,-100,100,-100,100,-100,100,-100,100,-100,100,-100,100,-100,100,-100,100,-100,100,-100,100,-100,100,-100,100
-100,100,-100,100,-100,100,-100,100,-100,100,-100,100,-100,100,-100,100,-100,100,-100,100,-100,100,-100,100,-100,100,-100,100,-100,100,-100,100,-100
100,-100,100,-100,100,-100,100,-100,100,-100,100,-100,100,-100,100,-100,100,-100,100,-100,100,-100,100,-100,100,-100,100,-100,100,-100,100,-100,100
-100,100,-100,100,-100,100,-100,100,-100,100,-100,100,-100,100,-100,100,-100,100,-100,100,-100,100,-100,100,-100,100,-100,100,-100,100,-100,100,-100
-100,100,-100,100,-100,100,-100,100,-100,100,-100,100,-100,100,-100,100,-100,100,-100,100,-100,100,-100,100,-100,100,-100,100,-100,100,-100,100,-100
100,-100,100,-100,100,-100,100,-100,100,-100,100,-100,100,-100,100,-100,100,-100,100,-100,100,-100,100,-100,100,-100,100,-100,100,-100,100,-100,100
-100,100,-100,100,-100,100,-100,100,-100,100,-100,100,-100,100,-100,100,-100,100,-100,100,-100,100,-100,100,-100,100,-100,100,-100,100,-100,100,-100
100,-100,100,-100,100,-100,100,-100,100,-100,100,-100,100,-100,100,-100,100,-100,100,-100,100,-100,100,-100,100,-100,100,-100,100,-100,100,-100,100
-100,100,-100,100,-100,100,-100,100,-100,100,-100,100,-100,100,-100,100,-100,100,-100,100,-100,100,-100,100,-100,100,-100,100,-100,100,-100,100,-100
100,-100,100,-100,100,-100,100,-100,100,-100,100,-100,100,-100,100,-100,100,-100,100,-100,100,-100,100,-100,100,-100,100,-100,100,-100,100,-100,100
-100,100,-100,100,-100,100,-100,100,-100,100,-100,100,-100,100,-100,100,-100,100,-100,100,-100,100,-100,100,-100,100,-100,100,-100,100,-100,100,-100
100,-100,100,-100,100,-100,100,-100,100,-100,100,-100,100,-100,100,-100,100,-100,100,-100,100,-100,100,-100,100,-100,100,-100,100,-100,100,-100,100
-100,100,-100,100,-100,100,-100,100,-100,100,-100,100,-100,100,-100,100,-100,100,-100,100,-100,100,-100,100,-100,100,-100,100,-100,100,-100,100,-100
100,-100,100,-100,100,-100,100,-100,100,-100,100,-100,100,-100,100,-100,100,-100,100,-100,100,-100,100,-100,100,-100,100,-100,100,-100,100,-100,100
-100,100,-100,100,-100,100,-100,100,-100,100,-100,100,-100,100,-100,100,-100,100,-100,100,-100,100,-100,100,-100,100,-100,100,-100,100,-100,100,-100
100,-100,100,-100,100,-100,100,-100,100,-100,100,-100,100,-100,100,-100,100,-100,100,-100,100,-100,100,-100,100,-100,100,-100,100,-100,100,-100,100
-100,100,-100,100,-100,100,-100,100,-100,100,-100,100,-100,100,-100,100,-100,100,-100,100,-100,100,-100,100,-100,100,-100,100,-100,100,-100,100,-100
100,-100,100,-100,100,-100,100,-100,100,-100,100,-100,100,-100,100,-100,100,-100,100,-100,100,-100,100,-100,100,-100,100,-100,100,-100,100,-100,100
-100,100,-100,100,-100,100,-100,100,-100,100,-100,100,-100,100,-100,100,-100,100,-100,100,-100,100,-100,100,-100,100,-100,100,-100,100,-100,100,-100
100,-100,100,-100,100,-100,100,-100,100,-100,100,-100,100,-100,100,-100,100,-100,100,-100,100,-100,100,-100,100,-100,100,-100,100,-100,100,-100,100
-100,100,-100,100,-100,100,-100,100,-100,100,-100,100,-100,100,-100,100,-100,100,-100,100,-100,100,-100,100,-100,100,-100,100,-100,100,-100,100,-100
100,-100,100,-100,100,-100,100,-100,100,-100,100,-100,100,-100,100,-100,100,-100,100,-100,100,-100,100,-100,100,-100,100,-100,100,-100,100,-100,100
-100,100,-100,100,-100,100,-100,100,-100,100,-100,100,-100,100,-100,100,-100,100,-100,100,-100,100,-100,100,-100,100,-100,100,-100,100,-100,100,-100
100,-100,100,-100,100,-100,100,-100,100,-100,100,-100,100,-100,100,-100,100,-100,100,-100,100,-100,100,-100,100,-100,100,-100,100,-100,100,-100,100
-100,100,-100,100,-100,100,-100,100,-100,100,-100,100,-100,100,-100,100,-100,100,-100,100,-100,100,-100,100,-100,100,-100,100,-100,100,-100,100,-100
100,-100,100,-100,100,-100,100,-100,100,-100,100,-100,100,-100,100,-100,100,-100,100,-100,100,-100,100,-100,100,-100,100,-100,100,-100,100,-100,100
-100,100,-100,100,-100,100,-100,100,-100,100,-100,100,-100,100,-100,100,-100,100,-100,100,-100,100,-100,100,-100,100,-100,100,-100,100,-100,100,-100
100,-100,100,-100,100,-100,100,-100,100,-100,100,-100,100,-100,100,-100,100,-100,100,-100,100,-100,100,-100,100,-100,100,-100,100,-100,100,-100,100
-100,100,-100,100,-100,100,-100,100,-100,100,-100,100,-100,100,-100,100,-100,100,-100,100,-100,100,-100,100,-100,100,-100,100,-100,100,-100,100,-100
-100,100,-100,100,-100,100,-100,100,-100,100,-100,100,-100,100,-100,100,-100,100,-100,100,-100,100,-100,100,-100,100,-100,100,-100,100,-100,100,-100
100,-100,100,-100,100,-100,100,-100,100,-100,100,-100,100,-100,100,-100,100,-100,100,-100,100,-100,100,-100,100,-100,100,-100,100,-100,100,-100,100
-100,100,-100,100,-100,100,-100,100,-100,100,-100,100,-100,100,-100,100,-100,100,-100,100,-100,100,-100,100,-100,100,-100,100,-100,100,-100,100,-100
100,-100,100,-100,100,-100,100,-100,100,-100,100,-100,100,-100,100,-100,100,-100,100,-100,100,-100,100,-100,100,-100,100,-100,100,-100,100,-100,100
-100,100,-100,100,-100,100,-100,100,-100,100,-100,100,-100,100,-100,100,-100,100,-100,100,-100,100,-100,100,-100,100,-100,100,-100,100,-100,100,-100
100,-100,100,-100,100,-100,100,-100,100,-100,100,-100,100,-100,100,-100,100,-100,100,-100,100,-100,100,-100,100,-100,100,-100,100,-100,100,-100,100
-100,100,-100,100,-100,100,-100,100,-100,100,-100,100,-100,100,-100,100,-100,100,-100,100,-100,100,-100,100,-100,100,-100,100,-100,100,-100,100,-100
100,-100,100,-100,100,-100,100,-100,100,-100,100,-100,100,-100,100,-100,100,-100,100,-100,100,-100,100,-100,100,-100,100,-100,100,-100,100,-100,100
-100,100,-100,100,-100,100,-100,100,-100,100,-100,100,-100,100,-100,100,-100,100,-100,100,-100,100,-100,100,-100,100,-100,100,-100,100,-100,100,-100
100,-100,100,-100,100,-100,100,-100,100,-100,100,-100,100,-100,100,-100,100,-100,100,-100,100,-100,100,-100,100,-100,100,-100,100,-100,100,-100,100
-100,100,-100,100,-100,100,-100,100,-100,100,-100,100,-100,100,-100,100,-100,100,-100,100,-100,100,-100,100,-100,100,-100,100,-100,100,-100,100,-100
100,-100,100,-100,100,-100,100,-100,100,-100,100,-100,100,-100,100,-100,100,-100,100,-100,100,-100,100,-100,100,-100,100,-100,100,-100,100,-100,100
-100,100,-100,100,-100,100,-100,100,-100,100,-100,100,-100,100,-100,100,-100,100,-100,100,-100,100,-100,100,-100,100,-100,100,-100,100,-100,100,-100
100,-100,100,-100,100,-100,100,-100,100,-100,100,-100,100,-100,100,-100,100,-100,100,-100,100,-100,100,-100,100,-100,100,-100,100,-100,100,-100,100
-100,100,-100,100,-100,100,-100,100,-100,100,-100,100,-100,100,-100,100,-100,100,-100,100,-100,100,-100,100,-100,100,-100,100,-100,100,-100,100,-100
100,-100,100,-100,100,-100,100,-100,100,-100,100,-100,100,-100,100,-100,100,-100,100,-100,100,-100,100,-100,100,-100,100,-100,100,-100,100,-100,100
-100,100,-100,100,-100,100,-100,100,-100,100,-100,100,-100,100,-100,100,-100,100,-100,100,-100,100,-100,100,-100,100,-100,100,-100,100,-100,100,-100
100,-100,100,-100,100,-100,100,-100,100,-100,100,-100,100,-100,100,-100,100,-100,100,-100,100,-100,100,-100,100,-100,100,-100,100,-100,100,-100,100
-100,100,-100,100,-100,100,-100,100,-100,100,-100,100,-100,100,-100,100,-100,100,-100,100,-100,100,-100,100,-100,100,-100,100,-100,100,-100,100,-100
100,-100,100,-100,100,-100,100,-100,100,-100,100,-100,100,-100,100,-100,100,-100,100,-100,100,-100,100,-100,100,-100,100,-100,100,-100,100,-100,100
-100,100,-100,100,-100,100,-100,100,-100,100,-100,100,-100,100,-100,100,-100,100,-100,100,-100,100,-100,100,-100,100,-100,100,-100,100,-100,100,-100
100,-100,100,-100,100,-100,100,-100,100,-100,100,-100,100,-100,100,-100,100,-100,100,-100,100,-100,100,-100,100,-100,100,-100,100,-100,100,-100,100
-100,100,-100,100,-100,100,-100,100,-100,100,-100,100,-100,100,-100,100,-100,100,-100,100,-100,100,-100,100,-100,100,-100,100,-100,100,-100,100,-100
100,-100,100,-100,100,-100,100,-100,100,-100,100,-100,100,-100,100,-100,100,-100,100,-100,100,-100,100,-100,100,-100,100,-100,100,-100,100,-100,100
-100,100,-100,100,-100,100,-100,100,-100,100,-100,100,-100,100,-100,100,-100,100,-100,100,-100,100,-100,100,-100,100,-100,100,-100,100,-100,100,-100
-100,100,-100,100,-100,100,-100,100,-100,100,-100,100,-100,100,-100,100,-100,100,-100,100,-100,100,-100,100,-100,100,-100,100,-100,100,-100,100,-100
100,-100,100,-100,100,-100,100,-100,100,-100,100,-100,100,-100,100,-100,100,-100,100,-100,100,-100,100,-100,100,-100,100,-100,100,-100,100,-100,100
-100,100,-100,100,-100,100,-100,100,-100,100,-100,100,-100,100,-100,100,-100,100,-100,100,-100,100,-100,100,-100,100,-100,100,-100,100,-100,100,-100
100,-100,100,-100,100,-100,100,-100,100,-100,100,-100,100,-100,100,-100,100,-100,100,-100,100,-100,100,-100,100,-100,100,-100,100,-100,100,-100,100
-100,100,-100,100,-100,100,-100,100,-100,100,-100,100,-100,100,-100,100,-100,100,-100,100,-100,100,-100,100,-100,100,-100,100,-100,100,-100,100,-100
100,-100,100,-100,100,-100,100,-100,100,-100,100,-100,100,-100,100,-100,100,-100,100,-100,100,-100,100,-100,100,-100,100,-100,100,-100,100,-100,100
-100,100,-100,100,-100,100,-100,100,-100,100,-100,100,-100,100,-100,100,-100,100,-100,100,-100,100,-100,100,-100,100,-100,100,-100,100,-100,100,-100
100,-100,100,-100,100,-100,100,-100,100,-100,100,-100,100,-100,100,-100,100,-100,100,-100,100,-100,100,-100,100,-100,100,-100,100,-100,100,-100,100
-100,100,-100,100,-100,100,-100,100,-100,100,-100,100,-100,100,-100,100,-100,100,-100,100,-100,100,-100,100,-100,100,-100,100,-100,100,-100,100,-100
100,-100,100,-100,100,-100,100,-100,100,-100,100,-100,100,-100,100,-100,100,-100,100,-100,100,-100,100,-100,100,-100,100,-100,100,-100,100,-100,100
-100,100,-100,100,-100,100,-100,100,-100,100,-100,100,-100,100,-100,100,-100,100,-100,100,-100,100,-100,100,-100,100,-100,100,-100,100,-100,100,-100
100,-100,100,-100,100,-100,100,-100,100,-100,100,-100,100,-100,100,-100,100,-100,100,-100,100,-100,100,-100,100,-100,100,-100,100,-100,100,-100,100
-100,100,-100,100,-100,100,-100,100,-100,100,-100,100,-100,100,-100,100,-100,100,-100,100,-100,100,-100,100,-100,100,-100,100,-100,100,-100,100,-100
100,-100,100,-100,100,-100,100,-100,100,-100,100,-100,100,-100,100,-100,100,-100,100,-100,100,-100,100,-100,100,-100,100,-100,100,-100,100,-100,100
-100,100,-100,100,-100,100,-100,100,-100,100,-100,100,-100,100,-100,100,-100,100,-100,100,-100,100,-100,100,-100,100,-100,100,-100,100,-100,100,-100
100,-100,100,-100,100,-100,100,-100,100,-100,100,-100,100,-100,100,-100,100,-100,100,-100,100,-100,100,-100,100,-100,100,-100,100,-100,100,-100,100
-100,100,-100,100,-100,100,-100,100,-100,100,-100,100,-100,100,-100,100,-100,100,-100,100,-100,100,-100,100,-100,100,-100,100,-100,100,-100,100,-100
100,-100,100,-100,100,-100,100,-100,100,-100,100,-100,100,-100,100,-100,100,-100,100,-100,100,-100,100,-100,100,-100,100,-100,100,-100,100,-100,100
-100,100,-100,100,-100,100,-100,100,-100,100,-100,100,-100,100,-100,100,-100,100,-100,100,-100,100,-100,100,-100,100,-100,100,-100,100,-100,100,-100
100,-100,100,-100,100,-100,100,-100,100,-100,100,-100,100,-100,100,-100,100,-100,100,-100,100,-100,100,-100,100,-100,100,-100,100,-100,100,-100,100
-100,100,-100,100,-100,100,-100,100,-100,100,-100,100,-100,100,-100,100,-100,100,-100,100,-100,100,-100,100,-100,100,-100,100,-100,100,-100,100,-100
100,-100,100,-100,100,-100,100,-100,100,-100,100,-100,100,-100,100,-100,100,-100,100,-100,100,-100,100,-100,100,-100,100,-100,100,-100,100,-100,100
-100,100,-100,100,-100,100,-100,100,-100,100,-100,100,-100,100,-100,100,-100,100,-100,100,-100,100,-100,100,-100,100,-100,100,-100,100,-100,100,-100
100,-100,100,-100,100,-100,100,-100,100,-100,100,-100,100,-100,100,-100,100,-100,100,-100,100,-100,100,-100,100,-100,100,-100,100,-100,100,-100,100
-100,100,-100,100,-100,100,-100,100,-100,100,-100,100,-100,100,-100,100,-100,100,-100,100,-100,100,-100,100,-100,100,-100,100,-100,100,-100,100,-100
-100,100,-100,100,-100,100,-100,100,-100,100,-100,100,-100,100,-100,100,-100,100,-100,100,-100,100,-100,100,-100,100,-100,100,-100,100,-100,100,-100
100,-100,100,-100,100,-100,100,-100,100,-100,100,-100,100,-100,100,-100,100,-100,100,-100,100,-100,100,-100,100,-100,100,-100,100,-100,100,-100,100
-100,100,-100,100,-100,100,-100,100,-100,100,-100,100,-100,100,-100,100,-100,100,-100,100,-100,100,-100,100,-100,100,-100,100,-100,100,-100,100,-100
100,-100,100,-100,100,-100,100,-100,100,-100,100,-100,100,-100,100,-100,100,-100,100,-100,100,-100,100,-100,100,-100,100,-100,100,-100,100,-100,100
-100,100,-100,100,-100,100,-100,100,-100,100,-100,100,-100,100,-100,100,-100,100,-100,100,-100,100,-100,100,-100,100,-100,100,-100,100,-100,100,-100
100,-100,100,-100,100,-100,100,-100,100,-100,100,-100,100,-100,100,-100,100,-100,100,-100,100,-100,100,-100,100,-100,100,-100,100,-100,100,-100,100
-100,100,-100,100,-100,100,-100,100,-100,100,-100,100,-100,100,-100,100,-100,100,-100,100,-100,100,-100,100,-100,100,-100,100,-100,100,-100,100,-100
100,-100,100,-100,100,-100,100,-100,100,-100,100,-100,100,-100,100,-100,100,-100,100,-100,100,-100,100,-100,100,-100,100,-100,100,-100,100,-100,100
-100,100,-100,100,-100,100,-100,100,-100,100,-100,100,-100,100,-100,100,-100,100,-100,100,-100,100,-100,100,-100,100,-100,100,-100,100,-100,100,-100
100,-100,100,-100,100,-100,100,-100,100,-100,100,-100,100,-100,100,-100,100,-100,100,-100,100,-100,100,-100,100,-100,100,-100,100,-100,100,-100,100
-100,100,-100,100,-100,100,-100,100,-100,100,-100,100,-100,100,-100,100,-100,100,-100,100,-100,100,-100,100,-100,100,-100,100,-100,100,-100,100,-100
100,-100,100,-100,100,-100,100,-100,100,-100,100,-100,100,-100,100,-100,100,-100,100,-100,100,-100,100,-100,100,-100,100,-100,100,-100,100,-100,100
-100,100,-100,100,-100,100,-100,100,-100,100,-100,100,-100,100,-100,100,-100,100,-100,100,-100,100,-100,100,-100,100,-100,100,-100,100,-100,100,-100
100,-100,100,-100,100,-100,100,-100,100,-100,100,-100,100,-100,100,-100,100,-100,100,-100,100,-100,100,-100,100,-100,100,-100,100,-100,100,-100,100
-100,100,-100,100,-100,100,-100,100,-100,100,-100,100,-100,100,-100,100,-100,100,-100,100,-100,100,-100,100,-100,100,-100,100,-100,100,-100,100,-100
100,-100,100,-100,100,-100,100,-100,100,-100,100,-100,100,-100,100,-100,100,-100,100,-100,100,-100,100,-100,100,-100,100,-100,100,-100,100,-100,100
-100,100,-100,100,-100,100,-100,100,-100,100,-100,100,-100,100,-100,100,-100,100,-100,100,-100,100,-100,100,-100,100,-100,100,-100,100,-100,100,-100
100,-100,100,-100,100,-100,100,-100,100,-100,100,-100,100,-100,100,-100,100,-100,100,-100,100,-100,100,-100,100,-100,100,-100,100,-100,100,-100,100
-100,100,-100,100,-100,100,-100,100,-100,100,-100,100,-100,100,-100,100,-100,100,-100,100,-100,100,-100,100,-100,100,-100,100,-100,100,-100,100,-100
100,-100,100,-100,100,-100,100,-100,100,-100,100,-100,100,-100,100,-100,100,-100,100,-100,100,-100,100,-100,100,-100,100,-100,100,-100,100,-100,100
-100,100,-100,100,-100,100,-100,100,-100,100,-100,100,-100,100,-100,100,-100,100,-100,100,-100,100,-100,100,-100,100,-100,100,-100,100,-100,100,-100
100,-100,100,-100,100,-100,100,-100,100,-100,100,-100,100,-100,100,-100,100,-100,100,-100,100,-100,100,-100,100,-100,100,-100,100,-100,100,-100,100
-100,100,-100,100,-100,100,-100,100,-100,100,-100,100,-100,100,-100,100,-100,100,-100,100,-100,100,-100,100,-100,100,-100,100,-100,100,-100,100,-100
100,-100,100,-100,100,-100,100,-100,100,-100,100,-100,100,-100,100,-100,100,-100,100,-100,100,-100,100,-100,100,-100,100,-100,100,-100,100,-100,100
-100,100,-100,100,-100,100,-100,100,-100,100,-100,100,-100,100,-100,100,-100,100,-100,100,-100,100,-100,100,-100,100,-100,100,-100,100,-100,100,-100
-100,100,-100,100,-100,100,-100,100,-100,100,-100,100,-100,100,-100,100,-100,100,-100,100,-100,100,-100,100,-100,100,-100,100,-100,100,-100,100,-100
100,-100,100,-100,100,-100,100,-100,100,-100,100,-100,100,-100,100,-100,100,-100,100,-100,100,-100,100,-100,100,-100,100,-100,100,-100,100,-100,100
-100,100,-100,100,-100,100,-100,100,-100,100,-100,100,-100,100,-100,100,-100,100,-100,100,-100,100,-100,100,-100,100,-100,100,-100,100,-100,100,-100
100,-100,100,-100,100,-100,100,-100,100,-100,100,-100,100,-100,100,-100,100,-100,100,-100,100,-100,100,-100,100,-100,100,-100,100,-100,100,-100,100
-100,100,-100,100,-100,100,-100,100,-100,100,-100,100,-100,100,-100,100,-100,100,-100,100,-100,100,-100,100,-100,100,-100,100,-100,100,-100,100,-100
100,-100,100,-100,100,-100,100,-100,100,-100,100,-100,100,-100,100,-100,100,-100,100,-100,100,-100,100,-100,100,-100,100,-100,100,-100,100,-100,100
-100,100,-100,100,-100,100,-100,100,-100,100,-100,100,-100,100,-100,100,-100,100,-100,100,-100,100,-100,100,-100,100,-100,100,-100,100,-100,100,-100
100,-100,100,-100,100,-100,100,-100,100,-100,100,-100,100,-100,100,-100,100,-100,100,-100,100,-100,100,-100,100,-100,100,-100,100,-100,100,-100,100
-100,100,-100,100,-100,100,-100,100,-100,100,-100,100,-100,100,-100,100,-100,100,-100,100,-100,100,-100,100,-100,100,-100,100,-100,100,-100,100,-100
100,-100,100,-100,100,-100,100,-100,100,-100,100,-100,100,-100,100,-100,100,-100,100,-100,100,-100,100,-100,100,-100,100,-100,100,-100,100,-100,100
-100,100,-100,100,-100,100,-100,100,-100,100,-100,100,-100,100,-100,100,-100,100,-100,100,-100,100,-100,100,-100,100,-100,100,-100,100,-100,100,-100
100,-100,100,-100,100,-100,100,-100,100,-100,100,-100,100,-100,100,-100,100,-100,100,-100,100,-100,100,-100,100,-100,100,-100,100,-100,100,-100,100
-100,100,-100,100,-100,100,-100,100,-100,100,-100,100,-100,100,-100,100,-100,100,-100,100,-100,100,-100,100,-100,100,-100,100,-100,100,-100,100,-100
100,-100,100,-100,100,-100,100,-100,100,-100,100,-100,100,-100,100,-100,100,-100,100,-100,100,-100,100,-100,100,-100,100,-100,100,-100,100,-100,100
-100,100,-100,100,-100,100,-100,100,-100,100,-100,100,-100,100,-100,100,-100,100,-100,100,-100,100,-100,100,-100,100,-100,100,-100,100,-100,100,-100
100,-100,100,-100,100,-100,100,-100,100,-100,100,-100,100,-100,100,-100,100,-100,100,-100,100,-100,100,-100,100,-100,100,-100,100,-100,100,-100,100
-100,100,-100,100,-100,100,-100,100,-100,100,-100,100,-100,100,-100,100,-100,100,-100,100,-100,100,-100,100,-100,100,-100,100,-100,100,-100,100,-100
100,-100,100,-100,100,-100,100,-100,100,-100,100,-100,100,-100,100,-100,100,-100,100,-100,100,-100,100,-100,100,-100,100,-100,100,-100,100,-100,100
-100,100,-100,100,-100,100,-100,100,-100,100,-100,100,-100,100,-100,100,-100,100,-100,100,-100,100,-100,100,-100,100,-100,100,-100,100,-100,100,-100
100,-100,100,-100,100,-100,100,-100,100,-100,100,-100,100,-100,100,-100,100,-100,100,-100,100,-100,100,-100,100,-100,100,-100,100,-100,100,-100,100
-100,100,-100,100,-100,100,-100,100,-100,100,-100,100,-100,100,-100,100,-100,100,-100,100,-100,100,-100,100,-100,100,-100,100,-100,100,-100,100,-100
100,-100,100,-100,100,-100,100,-100,100,-100,100,-100,100,-100,100,-100,100,-100,100,-100,100,-100,100,-100,100,-100,100,-100,100,-100,100,-100,100
-100,100,-100,100,-100,100,-100,100,-100,100,-100,100,-100,100,-100,100,-100,100,-100,100,-100,100,-100,100,-100,100,-100,100,-100,100,-100,100,-100
100,-100,100,-100,100,-100,100,-100,100,-100,100,-100,100,-100,100,-100,100,-100,100,-100,100,-100,100,-100,100,-100,100,-100,100,-100,100,-100,100
-100,100,-100,100,-100,100,-100,100,-100,100,-100,100,-100,100,-100,100,-100,100,-100,100,-100,100,-100,100,-100,100,-100,100,-100,100,-100,100,-100
-100,100,-100,100,-100,100,-100,100,-100,100,-100,100,-100,100,-100,100,-100,100,-100,100,-100,100,-100,100,-100,100,-100,100,-100,100,-100,100,-100
100,-100,100,-100,100,-100,100,-100,100,-100,100,-100,100,-100,100,-100,100,-100,100,-100,100,-100,100,-100,100,-100,100,-100,100,-100,100,-100,100
-100,100,-100,100,-100,100,-100,100,-100,100,-100,100,-100,100,-100,100,-100,100,-100,100,-100,100,-100,100,-100,100,-100,100,-100,100,-100,100,-100
100,-100,100,-100,100,-100,100,-100,100,-100,100,-100,100,-100,100,-100,100,-100,100,-100,100,-100,100,-100,100,-100,100,-100,100,-100,100,-100,100
-100,100,-100,100,-100,100,-100,100,-100,100,-100,100,-100,100,-100,100,-100,100,-100,100,-100,100,-100,100,-100,100,-100,100,-100,100,-100,100,-100
100,-100,100,-100,100,-100,100,-100,100,-100,100,-100,100,-100,100,-100,100,-100,100,-100,100,-100,100,-100,100,-100,100,-100,100,-100,100,-100,100
-100,100,-100,100,-100,100,-100,100,-100,100,-100,100,-100,100,-100,100,-100,100,-100,100,-100,100,-100,100,-100,100,-100,100,-100,100,-100,100,-100
100,-100,100,-100,100,-100,100,-100,100,-100,100,-100,100,-100,100,-100,100,-100,100,-100,100,-100,100,-100,100,-100,100,-100,100,-100,100,-100,100
-100,100,-100,100,-100,100,-100,100,-100,100,-100,100,-100,100,-100,100,-100,100,-100,100,-100,100,-100,100,-100,100,-100,100,-100,100,-100,100,-100
100,-100,100,-100,100,-100,100,-100,100,-100,100,-100,100,-100,100,-100,100,-100,100,-100,100,-100,100,-100,100,-100,100,-100,100,-100,100,-100,100
-100,100,-100,100,-100,100,-100,100,-100,100,-100,100,-100,100,-100,100,-100,100,-100,100,-100,100,-100,100,-100,100,-100,100,-100,100,-100,100,-100
100,-100,100,-100,100,-100,100,-100,100,-100,100,-100,100,-100,100,-100,100,-100,100,-100,100,-100,100,-100,100,-100,100,-100,100,-100,100,-100,100
-100,100,-100,100,-100,100,-100,100,-100,100,-100,100,-100,100,-100,100,-100,100,-100,100,-100,100,-100,100,-100,100,-100,100,-100,100,-100,100,-100
100,-100,100,-100,100,-100,100,-100,100,-100,100,-100,100,-100,100,-100,100,-100,100,-100,100,-100,100,-100,100,-100,100,-100,100,-100,100,-100,100
-100,100,-100,100,-100,100,-100,100,-100,100,-100,100,-100,100,-100,100,-100,100,-100,100,-100,100,-100,100,-100,100,-100,100,-100,100,-100,100,-100
100,-100,100,-100,100,-100,100,-100,100,-100,100,-100,100,-100,100,-100,100,-100,100,-100,100,-100,100,-100,100,-100,100,-100,100,-100,100,-100,100
-100,100,-100,100,-100,100,-100,100,-100,100,-100,100,-100,100,-100,100,-100,100,-100,100,-100,100,-100,100,-100,100,-100,100,-100,100,-100,100,-100
100,-100,100,-100,100,-100,100,-100,100,-100,100,-100,100,-100,100,-100,100,-100,100,-100,100,-100,100,-100,100,-100,100,-100,100,-100,100,-100,100
-100,100,-100,100,-100,100,-100,100,-100,100,-100,100,-100,100,-100,100,-100,100,-100,100,-100,100,-100,100,-100,100,-100,100,-100,100,-100,100,-100
100,-100,100,-100,100,-100,100,-100,100,-100,100,-100,100,-100,100,-100,100,-100,100,-100,100,-100,100,-100,100,-100,100,-100,100,-100,100,-100,100
-100,100,-100,100,-100,100,-100,100,-100,100,-100,100,-100,100,-100,100,-100,100,-100,100,-100,100,-100,100,-100,100,-100,100,-100,100,-100,100,-100
100,-100,100,-100,100,-100,100,-100,100,-100,100,-100,100,-100,100,-100,100,-100,100,-100,100,-100,100,-100,100,-100,100,-100,100,-100,100,-100,100
-100,100,-100,100,-100,100,-100,100,-100,100,-100,100,-100,100,-100,100,-100,100,-100,100,-100,100,-100,100,-100,100,-100,100,-100,100,-100,100,-100
100,-100,100,-100,100,-100,100,-100,100,-100,100,-100,100,-100,100,-100,100,-100,100,-100,100,-100,100,-100,100,-100,100,-100,100,-100,100,-100,100
-100,100,-100,100,-100,100,-100,100,-100,100,-100,100,-100,100,-100,100,-100,100,-100,100,-100,100,-100,100,-100,100,-100,100,-100,100,-100,100,-100
